PRAGMA foreign_keys=OFF;
BEGIN TRANSACTION;
CREATE TABLE IF NOT EXISTS "django_migrations" ("id" integer NOT NULL PRIMARY KEY AUTOINCREMENT, "app" varchar(255) NOT NULL, "name" varchar(255) NOT NULL, "applied" datetime NOT NULL);
INSERT INTO django_migrations VALUES(1,'contenttypes','0001_initial','2024-08-31 13:31:21.216150');
INSERT INTO django_migrations VALUES(2,'auth','0001_initial','2024-08-31 13:31:21.221852');
INSERT INTO django_migrations VALUES(3,'admin','0001_initial','2024-08-31 13:31:21.225001');
INSERT INTO django_migrations VALUES(4,'admin','0002_logentry_remove_auto_add','2024-08-31 13:31:21.228455');
INSERT INTO django_migrations VALUES(5,'admin','0003_logentry_add_action_flag_choices','2024-08-31 13:31:21.230786');
INSERT INTO django_migrations VALUES(6,'contenttypes','0002_remove_content_type_name','2024-08-31 13:31:21.236361');
INSERT INTO django_migrations VALUES(7,'auth','0002_alter_permission_name_max_length','2024-08-31 13:31:21.240243');
INSERT INTO django_migrations VALUES(8,'auth','0003_alter_user_email_max_length','2024-08-31 13:31:21.243433');
INSERT INTO django_migrations VALUES(9,'auth','0004_alter_user_username_opts','2024-08-31 13:31:21.245638');
INSERT INTO django_migrations VALUES(10,'auth','0005_alter_user_last_login_null','2024-08-31 13:31:21.248762');
INSERT INTO django_migrations VALUES(11,'auth','0006_require_contenttypes_0002','2024-08-31 13:31:21.249163');
INSERT INTO django_migrations VALUES(12,'auth','0007_alter_validators_add_error_messages','2024-08-31 13:31:21.251444');
INSERT INTO django_migrations VALUES(13,'auth','0008_alter_user_username_max_length','2024-08-31 13:31:21.254580');
INSERT INTO django_migrations VALUES(14,'auth','0009_alter_user_last_name_max_length','2024-08-31 13:31:21.257705');
INSERT INTO django_migrations VALUES(15,'auth','0010_alter_group_name_max_length','2024-08-31 13:31:21.260699');
INSERT INTO django_migrations VALUES(16,'auth','0011_update_proxy_permissions','2024-08-31 13:31:21.263608');
INSERT INTO django_migrations VALUES(17,'auth','0012_alter_user_first_name_max_length','2024-08-31 13:31:21.266701');
INSERT INTO django_migrations VALUES(18,'sessions','0001_initial','2024-08-31 13:31:21.267877');
INSERT INTO django_migrations VALUES(19,'tours','0001_initial','2024-08-31 13:31:21.273328');
INSERT INTO django_migrations VALUES(20,'tours','0002_cabintype_lunch_tour_author_alter_tour_start_date_and_more','2024-08-31 14:18:00.006126');
INSERT INTO django_migrations VALUES(21,'tours','0003_alter_cabintype_photo_alter_ship_photo','2024-08-31 14:27:45.865016');
INSERT INTO django_migrations VALUES(22,'tours','0004_remove_tour_ship_tour_ship','2024-09-01 09:15:03.367986');
INSERT INTO django_migrations VALUES(23,'tours','0005_alter_tour_ship_order','2024-09-01 13:52:40.501879');
INSERT INTO django_migrations VALUES(24,'tours','0006_alter_additionaloption_option_description_and_more','2024-09-01 14:05:52.399136');
INSERT INTO django_migrations VALUES(25,'tours','0007_order_author_alter_order_tour','2024-09-04 10:01:56.094241');
INSERT INTO django_migrations VALUES(26,'bike_rental','0001_initial','2024-09-09 09:38:48.380822');
INSERT INTO django_migrations VALUES(27,'bike_rental','0002_rename_specifications_bikemodel_description_and_more','2024-09-09 09:38:48.391866');
INSERT INTO django_migrations VALUES(28,'bike_rental','0003_remove_bikemodel_fuel_system','2024-09-09 09:38:48.394110');
INSERT INTO django_migrations VALUES(29,'bike_rental','0004_bikemodel_fuel_system_bikemodel_tank','2024-09-09 09:38:48.398787');
INSERT INTO django_migrations VALUES(30,'bike_rental','0005_alter_bikemodel_gears','2024-09-09 09:38:48.402148');
INSERT INTO django_migrations VALUES(31,'bike_rental','0006_client_alter_bikemodel_options_bike_price_per_day_and_more','2024-09-09 09:38:48.415350');
INSERT INTO django_migrations VALUES(32,'bike_rental','0007_bikemodel_bike_model_photo','2024-09-09 09:38:48.417855');
INSERT INTO django_migrations VALUES(33,'bike_rental','0008_remove_bike_photos_remove_client_email_bike_photo_and_more','2024-09-09 09:38:48.434573');
INSERT INTO django_migrations VALUES(34,'bike_rental','0009_alter_bike_photo','2024-09-09 09:38:48.438607');
INSERT INTO django_migrations VALUES(35,'bike_rental','0010_alter_bike_photo','2024-09-09 09:38:48.443096');
INSERT INTO django_migrations VALUES(36,'bike_rental','0011_alter_bike_bike_model','2024-09-09 09:38:48.445657');
INSERT INTO django_migrations VALUES(37,'bike_rental','0012_bikebrand_logo','2024-09-09 09:38:48.448046');
CREATE TABLE IF NOT EXISTS "auth_group_permissions" ("id" integer NOT NULL PRIMARY KEY AUTOINCREMENT, "group_id" integer NOT NULL REFERENCES "auth_group" ("id") DEFERRABLE INITIALLY DEFERRED, "permission_id" integer NOT NULL REFERENCES "auth_permission" ("id") DEFERRABLE INITIALLY DEFERRED);
INSERT INTO auth_group_permissions VALUES(1,1,25);
INSERT INTO auth_group_permissions VALUES(2,1,26);
INSERT INTO auth_group_permissions VALUES(3,1,27);
INSERT INTO auth_group_permissions VALUES(4,1,28);
INSERT INTO auth_group_permissions VALUES(5,1,29);
INSERT INTO auth_group_permissions VALUES(6,1,30);
INSERT INTO auth_group_permissions VALUES(7,1,31);
INSERT INTO auth_group_permissions VALUES(8,1,32);
INSERT INTO auth_group_permissions VALUES(9,1,33);
INSERT INTO auth_group_permissions VALUES(10,1,34);
INSERT INTO auth_group_permissions VALUES(11,1,35);
INSERT INTO auth_group_permissions VALUES(12,1,36);
INSERT INTO auth_group_permissions VALUES(13,1,37);
INSERT INTO auth_group_permissions VALUES(14,1,38);
INSERT INTO auth_group_permissions VALUES(15,1,39);
INSERT INTO auth_group_permissions VALUES(16,1,40);
INSERT INTO auth_group_permissions VALUES(17,1,41);
INSERT INTO auth_group_permissions VALUES(18,1,42);
INSERT INTO auth_group_permissions VALUES(19,1,43);
INSERT INTO auth_group_permissions VALUES(20,1,44);
INSERT INTO auth_group_permissions VALUES(21,1,45);
INSERT INTO auth_group_permissions VALUES(22,1,46);
INSERT INTO auth_group_permissions VALUES(23,1,47);
INSERT INTO auth_group_permissions VALUES(24,1,48);
INSERT INTO auth_group_permissions VALUES(25,1,49);
INSERT INTO auth_group_permissions VALUES(26,1,50);
INSERT INTO auth_group_permissions VALUES(27,1,51);
INSERT INTO auth_group_permissions VALUES(28,1,52);
INSERT INTO auth_group_permissions VALUES(29,1,53);
INSERT INTO auth_group_permissions VALUES(30,1,54);
INSERT INTO auth_group_permissions VALUES(31,1,55);
INSERT INTO auth_group_permissions VALUES(32,1,56);
INSERT INTO auth_group_permissions VALUES(33,1,57);
INSERT INTO auth_group_permissions VALUES(34,1,58);
INSERT INTO auth_group_permissions VALUES(35,1,59);
INSERT INTO auth_group_permissions VALUES(36,1,60);
INSERT INTO auth_group_permissions VALUES(37,2,64);
INSERT INTO auth_group_permissions VALUES(38,2,61);
INSERT INTO auth_group_permissions VALUES(39,2,62);
INSERT INTO auth_group_permissions VALUES(40,2,63);
INSERT INTO auth_group_permissions VALUES(41,1,64);
CREATE TABLE IF NOT EXISTS "auth_user_groups" ("id" integer NOT NULL PRIMARY KEY AUTOINCREMENT, "user_id" integer NOT NULL REFERENCES "auth_user" ("id") DEFERRABLE INITIALLY DEFERRED, "group_id" integer NOT NULL REFERENCES "auth_group" ("id") DEFERRABLE INITIALLY DEFERRED);
INSERT INTO auth_user_groups VALUES(1,2,1);
INSERT INTO auth_user_groups VALUES(2,3,1);
INSERT INTO auth_user_groups VALUES(3,4,2);
INSERT INTO auth_user_groups VALUES(4,5,2);
CREATE TABLE IF NOT EXISTS "auth_user_user_permissions" ("id" integer NOT NULL PRIMARY KEY AUTOINCREMENT, "user_id" integer NOT NULL REFERENCES "auth_user" ("id") DEFERRABLE INITIALLY DEFERRED, "permission_id" integer NOT NULL REFERENCES "auth_permission" ("id") DEFERRABLE INITIALLY DEFERRED);
CREATE TABLE IF NOT EXISTS "django_admin_log" ("id" integer NOT NULL PRIMARY KEY AUTOINCREMENT, "object_id" text NULL, "object_repr" varchar(200) NOT NULL, "action_flag" smallint unsigned NOT NULL CHECK ("action_flag" >= 0), "change_message" text NOT NULL, "content_type_id" integer NULL REFERENCES "django_content_type" ("id") DEFERRABLE INITIALLY DEFERRED, "user_id" integer NOT NULL REFERENCES "auth_user" ("id") DEFERRABLE INITIALLY DEFERRED, "action_time" datetime NOT NULL);
INSERT INTO django_admin_log VALUES(1,'1','2024-09-01',1,'[{"added": {}}]',10,1,'2024-08-31 13:33:11.754046');
INSERT INTO django_admin_log VALUES(2,'1','Complimentary Water Bottle',1,'[{"added": {}}]',8,1,'2024-08-31 13:34:43.307222');
INSERT INTO django_admin_log VALUES(3,'2','Free Wi-Fi Access',1,'[{"added": {}}]',8,1,'2024-08-31 13:34:54.023661');
INSERT INTO django_admin_log VALUES(4,'1','VIP Entrance Pass',1,'[{"added": {}}]',7,1,'2024-08-31 13:35:12.493261');
INSERT INTO django_admin_log VALUES(5,'2','Photo Package',1,'[{"added": {}}]',7,1,'2024-08-31 13:35:20.439221');
INSERT INTO django_admin_log VALUES(6,'3','Helicopter Ride',1,'[{"added": {}}]',7,1,'2024-08-31 13:35:29.460735');
INSERT INTO django_admin_log VALUES(7,'1','Hanoi',1,'[{"added": {}}]',11,1,'2024-08-31 13:35:39.626910');
INSERT INTO django_admin_log VALUES(8,'2','2024-09-10',1,'[{"added": {}}]',10,1,'2024-08-31 13:36:34.710859');
INSERT INTO django_admin_log VALUES(9,'2','Nyachang',1,'[{"added": {}}]',11,1,'2024-08-31 13:37:29.521730');
INSERT INTO django_admin_log VALUES(10,'1','test',1,'[{"added": {}}]',15,1,'2024-09-01 08:49:51.105071');
INSERT INTO django_admin_log VALUES(11,'1','Ascetic steel cabin with rusty bed.',1,'[{"added": {}}]',14,1,'2024-09-01 08:54:51.450799');
INSERT INTO django_admin_log VALUES(12,'1','Gloria',1,'[{"added": {}}]',13,1,'2024-09-01 08:55:01.203135');
INSERT INTO django_admin_log VALUES(13,'1','Plain rice',1,'[{"added": {}}]',12,1,'2024-09-01 08:55:44.252184');
INSERT INTO django_admin_log VALUES(14,'2','Nyachang',2,'[]',11,1,'2024-09-01 08:56:00.703978');
INSERT INTO django_admin_log VALUES(15,'1','Hanoi',2,'[]',11,1,'2024-09-01 08:56:43.702518');
INSERT INTO django_admin_log VALUES(16,'1','Hanoi',2,'[]',11,1,'2024-09-01 08:56:49.001667');
INSERT INTO django_admin_log VALUES(17,'2','Nyachang',2,'[{"changed": {"fields": ["Route", "Ship", "Lunch"]}}]',11,1,'2024-09-01 08:58:08.946185');
INSERT INTO django_admin_log VALUES(18,'1','Hanoi',2,'[{"changed": {"fields": ["Ship"]}}]',11,1,'2024-09-01 09:16:09.038448');
INSERT INTO django_admin_log VALUES(19,'2','Nyachang',2,'[]',11,1,'2024-09-01 09:19:21.173894');
INSERT INTO django_admin_log VALUES(20,'1','Tour Provider',1,'[{"added": {}}]',3,1,'2024-09-01 09:43:44.504374');
INSERT INTO django_admin_log VALUES(21,'2','provider_1',1,'[{"added": {}}]',4,1,'2024-09-01 09:44:54.279791');
INSERT INTO django_admin_log VALUES(22,'2','provider_1',2,'[{"changed": {"fields": ["Staff status", "Groups"]}}]',4,1,'2024-09-01 09:45:53.669302');
INSERT INTO django_admin_log VALUES(23,'3','provider1_tour',1,'[{"added": {}}]',11,2,'2024-09-01 09:49:06.837582');
INSERT INTO django_admin_log VALUES(24,'3','provider_2',1,'[{"added": {}}]',4,1,'2024-09-01 09:50:05.138905');
INSERT INTO django_admin_log VALUES(25,'3','provider_2',2,'[{"changed": {"fields": ["Staff status", "Groups"]}}]',4,1,'2024-09-01 09:50:18.888284');
INSERT INTO django_admin_log VALUES(26,'4','provider2_tour',1,'[{"added": {}}]',11,3,'2024-09-01 09:51:29.470208');
INSERT INTO django_admin_log VALUES(27,'2','2024-09-10',3,'',10,2,'2024-09-01 09:53:24.625999');
INSERT INTO django_admin_log VALUES(28,'4','provider2_tour',3,'',11,1,'2024-09-01 09:54:36.509827');
INSERT INTO django_admin_log VALUES(29,'5','provider2_tour',1,'[{"added": {}}]',11,3,'2024-09-01 09:59:02.261674');
INSERT INTO django_admin_log VALUES(30,'2','Nyachang',2,'[{"changed": {"fields": ["Start date"]}}]',11,1,'2024-09-01 13:07:52.183051');
INSERT INTO django_admin_log VALUES(31,'4','client_1',1,'[{"added": {}}]',4,1,'2024-09-04 12:06:30.102635');
INSERT INTO django_admin_log VALUES(32,'4','client_1',2,'[]',4,1,'2024-09-04 12:06:48.184000');
INSERT INTO django_admin_log VALUES(33,'5','client_2',1,'[{"added": {}}]',4,1,'2024-09-04 12:07:04.727494');
INSERT INTO django_admin_log VALUES(34,'5','client_2',2,'[]',4,1,'2024-09-04 12:07:09.245735');
INSERT INTO django_admin_log VALUES(35,'2','Client Group',1,'[{"added": {}}]',3,1,'2024-09-04 12:08:02.228583');
INSERT INTO django_admin_log VALUES(36,'4','client_1',2,'[{"changed": {"fields": ["Groups"]}}]',4,1,'2024-09-04 12:08:18.403511');
INSERT INTO django_admin_log VALUES(37,'5','client_2',2,'[{"changed": {"fields": ["Staff status", "Groups"]}}]',4,1,'2024-09-04 12:08:37.473179');
INSERT INTO django_admin_log VALUES(38,'4','client_1',2,'[{"changed": {"fields": ["Staff status"]}}]',4,1,'2024-09-04 12:08:43.504619');
INSERT INTO django_admin_log VALUES(39,'1','Hanoi Best',1,'[{"added": {}}]',16,4,'2024-09-04 12:10:53.589602');
INSERT INTO django_admin_log VALUES(40,'2','fsfef',1,'[{"added": {}}]',16,4,'2024-09-04 12:12:39.240285');
INSERT INTO django_admin_log VALUES(41,'3','degfgigef',1,'[{"added": {}}]',16,4,'2024-09-04 12:25:52.797970');
INSERT INTO django_admin_log VALUES(42,'3','degfgigef',3,'',16,1,'2024-09-04 12:27:12.534753');
INSERT INTO django_admin_log VALUES(43,'2','fsfef',3,'',16,1,'2024-09-04 12:27:12.534795');
INSERT INTO django_admin_log VALUES(44,'1','Hanoi Best',3,'',16,1,'2024-09-04 12:27:12.534812');
INSERT INTO django_admin_log VALUES(45,'4','For Elon',1,'[{"added": {}}]',16,4,'2024-09-04 12:27:54.311423');
INSERT INTO django_admin_log VALUES(46,'5','For Fred',1,'[{"added": {}}]',16,5,'2024-09-04 12:29:04.461409');
INSERT INTO django_admin_log VALUES(47,'4','For Elon',2,'[{"changed": {"fields": ["Tour"]}}]',16,4,'2024-09-04 12:29:51.603557');
INSERT INTO django_admin_log VALUES(48,'5','For Fred',2,'[{"changed": {"fields": ["Tour"]}}]',16,5,'2024-09-04 12:30:09.253476');
INSERT INTO django_admin_log VALUES(49,'1','Tour Provider',2,'[{"changed": {"fields": ["Permissions"]}}]',3,1,'2024-09-04 12:30:49.853541');
INSERT INTO django_admin_log VALUES(50,'6','For behemoth',1,'[{"added": {}}]',16,4,'2024-09-04 12:32:57.839697');
INSERT INTO django_admin_log VALUES(51,'7','For Alan',1,'[{"added": {}}]',16,5,'2024-09-04 12:34:59.194663');
CREATE TABLE IF NOT EXISTS "django_content_type" ("id" integer NOT NULL PRIMARY KEY AUTOINCREMENT, "app_label" varchar(100) NOT NULL, "model" varchar(100) NOT NULL);
INSERT INTO django_content_type VALUES(1,'admin','logentry');
INSERT INTO django_content_type VALUES(2,'auth','permission');
INSERT INTO django_content_type VALUES(3,'auth','group');
INSERT INTO django_content_type VALUES(4,'auth','user');
INSERT INTO django_content_type VALUES(5,'contenttypes','contenttype');
INSERT INTO django_content_type VALUES(6,'sessions','session');
INSERT INTO django_content_type VALUES(7,'tours','additionaloption');
INSERT INTO django_content_type VALUES(8,'tours','freeofchargeservice');
INSERT INTO django_content_type VALUES(9,'tours','photo');
INSERT INTO django_content_type VALUES(10,'tours','tourdate');
INSERT INTO django_content_type VALUES(11,'tours','tour');
INSERT INTO django_content_type VALUES(12,'tours','lunch');
INSERT INTO django_content_type VALUES(13,'tours','ship');
INSERT INTO django_content_type VALUES(14,'tours','cabintype');
INSERT INTO django_content_type VALUES(15,'tours','route');
INSERT INTO django_content_type VALUES(16,'tours','order');
INSERT INTO django_content_type VALUES(17,'bike_rental','bikebrand');
INSERT INTO django_content_type VALUES(18,'bike_rental','bikemodel');
INSERT INTO django_content_type VALUES(19,'bike_rental','bike');
INSERT INTO django_content_type VALUES(20,'bike_rental','client');
INSERT INTO django_content_type VALUES(21,'bike_rental','order');
CREATE TABLE IF NOT EXISTS "auth_permission" ("id" integer NOT NULL PRIMARY KEY AUTOINCREMENT, "content_type_id" integer NOT NULL REFERENCES "django_content_type" ("id") DEFERRABLE INITIALLY DEFERRED, "codename" varchar(100) NOT NULL, "name" varchar(255) NOT NULL);
INSERT INTO auth_permission VALUES(1,1,'add_logentry','Can add log entry');
INSERT INTO auth_permission VALUES(2,1,'change_logentry','Can change log entry');
INSERT INTO auth_permission VALUES(3,1,'delete_logentry','Can delete log entry');
INSERT INTO auth_permission VALUES(4,1,'view_logentry','Can view log entry');
INSERT INTO auth_permission VALUES(5,2,'add_permission','Can add permission');
INSERT INTO auth_permission VALUES(6,2,'change_permission','Can change permission');
INSERT INTO auth_permission VALUES(7,2,'delete_permission','Can delete permission');
INSERT INTO auth_permission VALUES(8,2,'view_permission','Can view permission');
INSERT INTO auth_permission VALUES(9,3,'add_group','Can add group');
INSERT INTO auth_permission VALUES(10,3,'change_group','Can change group');
INSERT INTO auth_permission VALUES(11,3,'delete_group','Can delete group');
INSERT INTO auth_permission VALUES(12,3,'view_group','Can view group');
INSERT INTO auth_permission VALUES(13,4,'add_user','Can add user');
INSERT INTO auth_permission VALUES(14,4,'change_user','Can change user');
INSERT INTO auth_permission VALUES(15,4,'delete_user','Can delete user');
INSERT INTO auth_permission VALUES(16,4,'view_user','Can view user');
INSERT INTO auth_permission VALUES(17,5,'add_contenttype','Can add content type');
INSERT INTO auth_permission VALUES(18,5,'change_contenttype','Can change content type');
INSERT INTO auth_permission VALUES(19,5,'delete_contenttype','Can delete content type');
INSERT INTO auth_permission VALUES(20,5,'view_contenttype','Can view content type');
INSERT INTO auth_permission VALUES(21,6,'add_session','Can add session');
INSERT INTO auth_permission VALUES(22,6,'change_session','Can change session');
INSERT INTO auth_permission VALUES(23,6,'delete_session','Can delete session');
INSERT INTO auth_permission VALUES(24,6,'view_session','Can view session');
INSERT INTO auth_permission VALUES(25,7,'add_additionaloption','Can add additional option');
INSERT INTO auth_permission VALUES(26,7,'change_additionaloption','Can change additional option');
INSERT INTO auth_permission VALUES(27,7,'delete_additionaloption','Can delete additional option');
INSERT INTO auth_permission VALUES(28,7,'view_additionaloption','Can view additional option');
INSERT INTO auth_permission VALUES(29,8,'add_freeofchargeservice','Can add free of charge service');
INSERT INTO auth_permission VALUES(30,8,'change_freeofchargeservice','Can change free of charge service');
INSERT INTO auth_permission VALUES(31,8,'delete_freeofchargeservice','Can delete free of charge service');
INSERT INTO auth_permission VALUES(32,8,'view_freeofchargeservice','Can view free of charge service');
INSERT INTO auth_permission VALUES(33,9,'add_photo','Can add photo');
INSERT INTO auth_permission VALUES(34,9,'change_photo','Can change photo');
INSERT INTO auth_permission VALUES(35,9,'delete_photo','Can delete photo');
INSERT INTO auth_permission VALUES(36,9,'view_photo','Can view photo');
INSERT INTO auth_permission VALUES(37,10,'add_tourdate','Can add tour date');
INSERT INTO auth_permission VALUES(38,10,'change_tourdate','Can change tour date');
INSERT INTO auth_permission VALUES(39,10,'delete_tourdate','Can delete tour date');
INSERT INTO auth_permission VALUES(40,10,'view_tourdate','Can view tour date');
INSERT INTO auth_permission VALUES(41,11,'add_tour','Can add tour');
INSERT INTO auth_permission VALUES(42,11,'change_tour','Can change tour');
INSERT INTO auth_permission VALUES(43,11,'delete_tour','Can delete tour');
INSERT INTO auth_permission VALUES(44,11,'view_tour','Can view tour');
INSERT INTO auth_permission VALUES(45,12,'add_lunch','Can add lunch');
INSERT INTO auth_permission VALUES(46,12,'change_lunch','Can change lunch');
INSERT INTO auth_permission VALUES(47,12,'delete_lunch','Can delete lunch');
INSERT INTO auth_permission VALUES(48,12,'view_lunch','Can view lunch');
INSERT INTO auth_permission VALUES(49,13,'add_ship','Can add ship');
INSERT INTO auth_permission VALUES(50,13,'change_ship','Can change ship');
INSERT INTO auth_permission VALUES(51,13,'delete_ship','Can delete ship');
INSERT INTO auth_permission VALUES(52,13,'view_ship','Can view ship');
INSERT INTO auth_permission VALUES(53,14,'add_cabintype','Can add cabin type');
INSERT INTO auth_permission VALUES(54,14,'change_cabintype','Can change cabin type');
INSERT INTO auth_permission VALUES(55,14,'delete_cabintype','Can delete cabin type');
INSERT INTO auth_permission VALUES(56,14,'view_cabintype','Can view cabin type');
INSERT INTO auth_permission VALUES(57,15,'add_route','Can add route');
INSERT INTO auth_permission VALUES(58,15,'change_route','Can change route');
INSERT INTO auth_permission VALUES(59,15,'delete_route','Can delete route');
INSERT INTO auth_permission VALUES(60,15,'view_route','Can view route');
INSERT INTO auth_permission VALUES(61,16,'add_order','Can add order');
INSERT INTO auth_permission VALUES(62,16,'change_order','Can change order');
INSERT INTO auth_permission VALUES(63,16,'delete_order','Can delete order');
INSERT INTO auth_permission VALUES(64,16,'view_order','Can view order');
INSERT INTO auth_permission VALUES(65,17,'add_bikebrand','Can add bike brand');
INSERT INTO auth_permission VALUES(66,17,'change_bikebrand','Can change bike brand');
INSERT INTO auth_permission VALUES(67,17,'delete_bikebrand','Can delete bike brand');
INSERT INTO auth_permission VALUES(68,17,'view_bikebrand','Can view bike brand');
INSERT INTO auth_permission VALUES(69,18,'add_bikemodel','Can add Bike Model');
INSERT INTO auth_permission VALUES(70,18,'change_bikemodel','Can change Bike Model');
INSERT INTO auth_permission VALUES(71,18,'delete_bikemodel','Can delete Bike Model');
INSERT INTO auth_permission VALUES(72,18,'view_bikemodel','Can view Bike Model');
INSERT INTO auth_permission VALUES(73,19,'add_bike','Can add bike');
INSERT INTO auth_permission VALUES(74,19,'change_bike','Can change bike');
INSERT INTO auth_permission VALUES(75,19,'delete_bike','Can delete bike');
INSERT INTO auth_permission VALUES(76,19,'view_bike','Can view bike');
INSERT INTO auth_permission VALUES(77,20,'add_client','Can add client');
INSERT INTO auth_permission VALUES(78,20,'change_client','Can change client');
INSERT INTO auth_permission VALUES(79,20,'delete_client','Can delete client');
INSERT INTO auth_permission VALUES(80,20,'view_client','Can view client');
INSERT INTO auth_permission VALUES(81,21,'add_order','Can add order');
INSERT INTO auth_permission VALUES(82,21,'change_order','Can change order');
INSERT INTO auth_permission VALUES(83,21,'delete_order','Can delete order');
INSERT INTO auth_permission VALUES(84,21,'view_order','Can view order');
CREATE TABLE IF NOT EXISTS "auth_group" ("id" integer NOT NULL PRIMARY KEY AUTOINCREMENT, "name" varchar(150) NOT NULL UNIQUE);
INSERT INTO auth_group VALUES(1,'Tour Provider');
INSERT INTO auth_group VALUES(2,'Client Group');
CREATE TABLE IF NOT EXISTS "auth_user" ("id" integer NOT NULL PRIMARY KEY AUTOINCREMENT, "password" varchar(128) NOT NULL, "last_login" datetime NULL, "is_superuser" bool NOT NULL, "username" varchar(150) NOT NULL UNIQUE, "last_name" varchar(150) NOT NULL, "email" varchar(254) NOT NULL, "is_staff" bool NOT NULL, "is_active" bool NOT NULL, "date_joined" datetime NOT NULL, "first_name" varchar(150) NOT NULL);
INSERT INTO auth_user VALUES(1,'pbkdf2_sha256$870000$jvifCkaihiJDKYwO71oh5F$CAHaxiskOIZJndkFknMrduQpOjiVpz6daVG5QYdshQM=','2024-09-09 09:57:47.857324',1,'admin','','abstract.core@gmail.com',1,1,'2024-08-31 13:32:20.822811','');
INSERT INTO auth_user VALUES(2,'pbkdf2_sha256$870000$7G2kvfSEmif059D9gZWOfH$+B/0oUhbm/PFwdcPkaqjM9sUxXZFQtkoQk+1TQmpXwc=','2024-09-09 09:40:05.509310',0,'provider_1','','',1,1,'2024-09-01 09:44:54','');
INSERT INTO auth_user VALUES(3,'pbkdf2_sha256$870000$2SRlRrrO53jGfja9GA3z5n$K+SF5b76H89AJ2k3uVtFwHp9ABpv4acyBO/X3VTDy60=','2024-09-04 12:35:09.168111',0,'provider_2','','',1,1,'2024-09-01 09:50:04','');
INSERT INTO auth_user VALUES(4,'pbkdf2_sha256$870000$ICSSqFdiXZHEQ9AZULbGqy$RwVu3Q1pfS/Jvi2gQ8gRtFYRN3We8QSaNCVaHVdjAMA=','2024-09-04 12:48:13.321484',0,'client_1','','',1,1,'2024-09-04 12:06:29','');
INSERT INTO auth_user VALUES(5,'pbkdf2_sha256$870000$oAo6kha8VRYLFRPsRd2U6s$9gSKRBCrjKaioBNXqi6IImeAp2Uq29R8+/IujgSLcoc=','2024-09-04 12:39:38.136951',0,'client_2','','',1,1,'2024-09-04 12:07:04','');
CREATE TABLE IF NOT EXISTS "django_session" ("session_key" varchar(40) NOT NULL PRIMARY KEY, "session_data" text NOT NULL, "expire_date" datetime NOT NULL);
INSERT INTO django_session VALUES('84sya8mgktqgt9q68u9pmjy31fq3nfkj','.eJxVjEEOwiAQRe_C2hAKZQCX7j0DgZmpVA0kpV0Z765NutDtf-_9l4hpW0vcOi9xJnEWgzj9bjnhg-sO6J7qrUlsdV3mLHdFHrTLayN-Xg7376CkXr71qNnlQFPKaI12aB15azyTGZ0JPoBLXhlQiGwJAcipzBryAABhYhDvD-OtN8U:1slpQu:oQYvo5V_Fsh5oAkroy_4ALoStyCO1Fvw0R-Ip8BGUN8','2024-09-18 12:48:24.462581');
INSERT INTO django_session VALUES('rqbduek8ncva7c2n77um5fubk28g80d7','.eJxVjEsOwjAMBe-SNYrsNLEaluw5Q-TYCSmgVupnhbg7VOoCtm9m3ssk3taWtqXMaVBzNmhOv1tmeZRxB3rn8TZZmcZ1HrLdFXvQxV4nLc_L4f4dNF7at469Aig5UgLE4shL7RQwhkrBiecqPWOsGgM4j0EyIAWgErkLnaB5fwDFwjcA:1snb9X:c7svJF-8Fo9PejWnWhmSu2sHDxnp3Qra_5vdofosBk0','2024-09-23 09:57:47.867666');
CREATE TABLE IF NOT EXISTS "tours_tourdate" ("id" integer NOT NULL PRIMARY KEY AUTOINCREMENT, "date" date NOT NULL);
INSERT INTO tours_tourdate VALUES(1,'2024-09-01');
CREATE TABLE IF NOT EXISTS "tours_tour_additional_options" ("id" integer NOT NULL PRIMARY KEY AUTOINCREMENT, "tour_id" bigint NOT NULL REFERENCES "tours_tour" ("id") DEFERRABLE INITIALLY DEFERRED, "additionaloption_id" bigint NOT NULL REFERENCES "tours_additionaloption" ("id") DEFERRABLE INITIALLY DEFERRED);
INSERT INTO tours_tour_additional_options VALUES(1,1,1);
INSERT INTO tours_tour_additional_options VALUES(2,1,3);
INSERT INTO tours_tour_additional_options VALUES(3,2,3);
INSERT INTO tours_tour_additional_options VALUES(4,3,3);
INSERT INTO tours_tour_additional_options VALUES(6,5,1);
CREATE TABLE IF NOT EXISTS "tours_tour_free_services" ("id" integer NOT NULL PRIMARY KEY AUTOINCREMENT, "tour_id" bigint NOT NULL REFERENCES "tours_tour" ("id") DEFERRABLE INITIALLY DEFERRED, "freeofchargeservice_id" bigint NOT NULL REFERENCES "tours_freeofchargeservice" ("id") DEFERRABLE INITIALLY DEFERRED);
INSERT INTO tours_tour_free_services VALUES(1,1,1);
INSERT INTO tours_tour_free_services VALUES(2,2,1);
INSERT INTO tours_tour_free_services VALUES(3,3,2);
INSERT INTO tours_tour_free_services VALUES(5,5,1);
CREATE TABLE IF NOT EXISTS "tours_tour_tour_photo_gallery" ("id" integer NOT NULL PRIMARY KEY AUTOINCREMENT, "tour_id" bigint NOT NULL REFERENCES "tours_tour" ("id") DEFERRABLE INITIALLY DEFERRED, "photo_id" bigint NOT NULL REFERENCES "tours_photo" ("id") DEFERRABLE INITIALLY DEFERRED);
CREATE TABLE IF NOT EXISTS "tours_cabintype" ("id" integer NOT NULL PRIMARY KEY AUTOINCREMENT, "type" varchar(50) NOT NULL, "description" text NOT NULL, "photo" varchar(100) NOT NULL);
INSERT INTO tours_cabintype VALUES(1,'Ascetic','Ascetic steel cabin with rusty bed.','');
CREATE TABLE IF NOT EXISTS "tours_lunch" ("id" integer NOT NULL PRIMARY KEY AUTOINCREMENT, "name" varchar(50) NOT NULL, "ingredients" text NOT NULL);
INSERT INTO tours_lunch VALUES(1,'Plain rice','Plain rice with nothing');
CREATE TABLE IF NOT EXISTS "tours_tour_lunch" ("id" integer NOT NULL PRIMARY KEY AUTOINCREMENT, "tour_id" bigint NOT NULL REFERENCES "tours_tour" ("id") DEFERRABLE INITIALLY DEFERRED, "lunch_id" bigint NOT NULL REFERENCES "tours_lunch" ("id") DEFERRABLE INITIALLY DEFERRED);
INSERT INTO tours_tour_lunch VALUES(1,2,1);
INSERT INTO tours_tour_lunch VALUES(2,3,1);
INSERT INTO tours_tour_lunch VALUES(4,5,1);
CREATE TABLE IF NOT EXISTS "tours_route" ("id" integer NOT NULL PRIMARY KEY AUTOINCREMENT, "name" varchar(50) NOT NULL, "description" text NOT NULL, "duration" bigint NOT NULL);
INSERT INTO tours_route VALUES(1,'test','test test',10800000000);
CREATE TABLE IF NOT EXISTS "tours_route_photo" ("id" integer NOT NULL PRIMARY KEY AUTOINCREMENT, "route_id" bigint NOT NULL REFERENCES "tours_route" ("id") DEFERRABLE INITIALLY DEFERRED, "photo_id" bigint NOT NULL REFERENCES "tours_photo" ("id") DEFERRABLE INITIALLY DEFERRED);
CREATE TABLE IF NOT EXISTS "tours_tour_route" ("id" integer NOT NULL PRIMARY KEY AUTOINCREMENT, "tour_id" bigint NOT NULL REFERENCES "tours_tour" ("id") DEFERRABLE INITIALLY DEFERRED, "route_id" bigint NOT NULL REFERENCES "tours_route" ("id") DEFERRABLE INITIALLY DEFERRED);
INSERT INTO tours_tour_route VALUES(1,2,1);
INSERT INTO tours_tour_route VALUES(2,3,1);
INSERT INTO tours_tour_route VALUES(4,5,1);
CREATE TABLE IF NOT EXISTS "tours_ship" ("id" integer NOT NULL PRIMARY KEY AUTOINCREMENT, "name" varchar(50) NOT NULL, "type" varchar(50) NOT NULL, "description" text NOT NULL, "photo" varchar(100) NOT NULL, "amount_of_places" integer NOT NULL, "cabin_types_id" bigint NOT NULL REFERENCES "tours_cabintype" ("id") DEFERRABLE INITIALLY DEFERRED);
INSERT INTO tours_ship VALUES(1,'Gloria','Dreadnought','Wonderfull steel ship','',1000,1);
CREATE TABLE IF NOT EXISTS "tours_additionaloption" ("id" integer NOT NULL PRIMARY KEY AUTOINCREMENT, "option_name" varchar(50) NOT NULL, "option_description" text NOT NULL);
INSERT INTO tours_additionaloption VALUES(1,'VIP Entrance Pass','');
INSERT INTO tours_additionaloption VALUES(2,'Photo Package','');
INSERT INTO tours_additionaloption VALUES(3,'Helicopter Ride','');
CREATE TABLE IF NOT EXISTS "tours_freeofchargeservice" ("id" integer NOT NULL PRIMARY KEY AUTOINCREMENT, "service_name" varchar(50) NOT NULL, "service_description" text NOT NULL);
INSERT INTO tours_freeofchargeservice VALUES(1,'Complimentary Water Bottle','');
INSERT INTO tours_freeofchargeservice VALUES(2,'Free Wi-Fi Access','');
CREATE TABLE IF NOT EXISTS "tours_photo" ("id" integer NOT NULL PRIMARY KEY AUTOINCREMENT, "image" varchar(100) NOT NULL, "description" text NOT NULL);
CREATE TABLE IF NOT EXISTS "tours_tour" ("id" integer NOT NULL PRIMARY KEY AUTOINCREMENT, "name" varchar(50) NOT NULL, "tour_description" text NOT NULL, "duration" bigint NOT NULL, "pick_up_time" time NOT NULL, "cost" decimal NOT NULL, "start_date_id" bigint NULL REFERENCES "tours_tourdate" ("id") DEFERRABLE INITIALLY DEFERRED, "author_id" integer NOT NULL REFERENCES "auth_user" ("id") DEFERRABLE INITIALLY DEFERRED, "ship_id" bigint NULL REFERENCES "tours_ship" ("id") DEFERRABLE INITIALLY DEFERRED, "cost_options" text NOT NULL);
INSERT INTO tours_tour VALUES(1,'Hanoi','Description',10800000000,'12:00:00',1000,1,1,1,'');
INSERT INTO tours_tour VALUES(2,'Nyachang','Hoho',36000000000,'18:00:00',500,1,1,NULL,'');
INSERT INTO tours_tour VALUES(3,'provider1_tour','test',25200000000,'09:48:35',1500,NULL,2,NULL,'');
INSERT INTO tours_tour VALUES(5,'provider2_tour','dsfsf',25200000000,'06:00:00',2500,1,3,NULL,'');
CREATE TABLE IF NOT EXISTS "tours_order" ("id" integer NOT NULL PRIMARY KEY AUTOINCREMENT, "passengers" text NOT NULL, "date" date NOT NULL, "email_of_initiator" varchar(254) NOT NULL, "phone_number" varchar(50) NOT NULL, "messenger" varchar(50) NOT NULL, "cost_per_person" decimal NOT NULL, "cost_of_tour" decimal NOT NULL, "name_of_tour" text NOT NULL, "duration_of_tour" bigint NOT NULL, "status" bool NOT NULL, "tour_id" bigint NOT NULL REFERENCES "tours_tour" ("id") DEFERRABLE INITIALLY DEFERRED, "author_id" integer NOT NULL REFERENCES "auth_user" ("id") DEFERRABLE INITIALLY DEFERRED);
INSERT INTO tours_order VALUES(4,'Elon, Bill','2024-09-04','gates@microsoft.com','9773991480','@anton_genesis',100,1000,'For Elon',10800000000,0,3,4);
INSERT INTO tours_order VALUES(5,'Freddy, Jim','2024-09-17','fred@x.com','9773991480','@anton_genesis',100,4999.989999999999782,'For Fred',46800000000,0,5,5);
INSERT INTO tours_order VALUES(6,'Behemoth','2024-09-30','dog@something.org','1234567899','@frty',500,50000,'For behemoth',18000000000,0,3,4);
INSERT INTO tours_order VALUES(7,'gefiuuegf','2024-09-15','324@example.com','134567899','@dry',700,8500,'For Alan',36000000000,0,5,5);
CREATE TABLE IF NOT EXISTS "bike_rental_bikebrand" ("id" integer NOT NULL PRIMARY KEY AUTOINCREMENT, "name" varchar(255) NOT NULL, "logo" varchar(100) NULL);
CREATE TABLE IF NOT EXISTS "bike_rental_bikemodel" ("id" integer NOT NULL PRIMARY KEY AUTOINCREMENT, "model" varchar(255) NOT NULL, "transmission" varchar(255) NOT NULL, "displacement" real NOT NULL, "brand_id" bigint NOT NULL REFERENCES "bike_rental_bikebrand" ("id") DEFERRABLE INITIALLY DEFERRED, "description" text NOT NULL, "clearance" integer NOT NULL, "fuel_system" varchar(255) NOT NULL, "tank" real NOT NULL, "gears" integer NULL, "bike_model_photo" varchar(100) NULL);
CREATE TABLE IF NOT EXISTS "bike_rental_order" ("id" integer NOT NULL PRIMARY KEY AUTOINCREMENT, "start_date" date NOT NULL, "duration" integer NOT NULL, "amount_bikes" integer NOT NULL, "total_price" decimal NOT NULL, "created_at" datetime NOT NULL, "bike_id" bigint NOT NULL REFERENCES "bike_rental_bike" ("id") DEFERRABLE INITIALLY DEFERRED, "client_id" bigint NOT NULL REFERENCES "bike_rental_client" ("id") DEFERRABLE INITIALLY DEFERRED);
CREATE TABLE IF NOT EXISTS "bike_rental_client" ("id" integer NOT NULL PRIMARY KEY AUTOINCREMENT, "contact" varchar(100) NOT NULL, "name" varchar(100) NOT NULL);
CREATE TABLE IF NOT EXISTS "bike_rental_bike" ("id" integer NOT NULL PRIMARY KEY AUTOINCREMENT, "deposit_amount" integer NOT NULL, "amount" integer NOT NULL, "availability" bool NOT NULL, "description" text NOT NULL, "bike_model_id" bigint NOT NULL REFERENCES "bike_rental_bikemodel" ("id") DEFERRABLE INITIALLY DEFERRED, "price_per_day" decimal NOT NULL, "price_per_month" decimal NOT NULL, "price_per_week" decimal NOT NULL, "photo" varchar(100) NULL);
DELETE FROM sqlite_sequence;
INSERT INTO sqlite_sequence VALUES('django_migrations',37);
INSERT INTO sqlite_sequence VALUES('django_admin_log',51);
INSERT INTO sqlite_sequence VALUES('django_content_type',21);
INSERT INTO sqlite_sequence VALUES('auth_permission',84);
INSERT INTO sqlite_sequence VALUES('auth_group',2);
INSERT INTO sqlite_sequence VALUES('auth_user',5);
INSERT INTO sqlite_sequence VALUES('tours_tourdate',2);
INSERT INTO sqlite_sequence VALUES('tours_tour_free_services',5);
INSERT INTO sqlite_sequence VALUES('tours_tour_additional_options',6);
INSERT INTO sqlite_sequence VALUES('tours_route',1);
INSERT INTO sqlite_sequence VALUES('tours_cabintype',1);
INSERT INTO sqlite_sequence VALUES('tours_ship',1);
INSERT INTO sqlite_sequence VALUES('tours_lunch',1);
INSERT INTO sqlite_sequence VALUES('tours_tour_route',4);
INSERT INTO sqlite_sequence VALUES('tours_tour_lunch',4);
INSERT INTO sqlite_sequence VALUES('auth_group_permissions',41);
INSERT INTO sqlite_sequence VALUES('auth_user_groups',4);
INSERT INTO sqlite_sequence VALUES('tours_additionaloption',3);
INSERT INTO sqlite_sequence VALUES('tours_freeofchargeservice',2);
INSERT INTO sqlite_sequence VALUES('tours_photo',0);
INSERT INTO sqlite_sequence VALUES('tours_tour',5);
INSERT INTO sqlite_sequence VALUES('tours_order',7);
INSERT INTO sqlite_sequence VALUES('bike_rental_bikemodel',0);
INSERT INTO sqlite_sequence VALUES('bike_rental_client',0);
INSERT INTO sqlite_sequence VALUES('bike_rental_bike',0);
CREATE UNIQUE INDEX "auth_group_permissions_group_id_permission_id_0cd325b0_uniq" ON "auth_group_permissions" ("group_id", "permission_id");
CREATE INDEX "auth_group_permissions_group_id_b120cbf9" ON "auth_group_permissions" ("group_id");
CREATE INDEX "auth_group_permissions_permission_id_84c5c92e" ON "auth_group_permissions" ("permission_id");
CREATE UNIQUE INDEX "auth_user_groups_user_id_group_id_94350c0c_uniq" ON "auth_user_groups" ("user_id", "group_id");
CREATE INDEX "auth_user_groups_user_id_6a12ed8b" ON "auth_user_groups" ("user_id");
CREATE INDEX "auth_user_groups_group_id_97559544" ON "auth_user_groups" ("group_id");
CREATE UNIQUE INDEX "auth_user_user_permissions_user_id_permission_id_14a6b632_uniq" ON "auth_user_user_permissions" ("user_id", "permission_id");
CREATE INDEX "auth_user_user_permissions_user_id_a95ead1b" ON "auth_user_user_permissions" ("user_id");
CREATE INDEX "auth_user_user_permissions_permission_id_1fbb5f2c" ON "auth_user_user_permissions" ("permission_id");
CREATE INDEX "django_admin_log_content_type_id_c4bce8eb" ON "django_admin_log" ("content_type_id");
CREATE INDEX "django_admin_log_user_id_c564eba6" ON "django_admin_log" ("user_id");
CREATE UNIQUE INDEX "django_content_type_app_label_model_76bd3d3b_uniq" ON "django_content_type" ("app_label", "model");
CREATE UNIQUE INDEX "auth_permission_content_type_id_codename_01ab375a_uniq" ON "auth_permission" ("content_type_id", "codename");
CREATE INDEX "auth_permission_content_type_id_2f476e4b" ON "auth_permission" ("content_type_id");
CREATE INDEX "django_session_expire_date_a5c62663" ON "django_session" ("expire_date");
CREATE UNIQUE INDEX "tours_tour_additional_options_tour_id_additionaloption_id_97904caa_uniq" ON "tours_tour_additional_options" ("tour_id", "additionaloption_id");
CREATE INDEX "tours_tour_additional_options_tour_id_37fd0d8c" ON "tours_tour_additional_options" ("tour_id");
CREATE INDEX "tours_tour_additional_options_additionaloption_id_b031f7f8" ON "tours_tour_additional_options" ("additionaloption_id");
CREATE UNIQUE INDEX "tours_tour_free_services_tour_id_freeofchargeservice_id_e840a355_uniq" ON "tours_tour_free_services" ("tour_id", "freeofchargeservice_id");
CREATE INDEX "tours_tour_free_services_tour_id_58b4d475" ON "tours_tour_free_services" ("tour_id");
CREATE INDEX "tours_tour_free_services_freeofchargeservice_id_03204176" ON "tours_tour_free_services" ("freeofchargeservice_id");
CREATE UNIQUE INDEX "tours_tour_tour_photo_gallery_tour_id_photo_id_d104e066_uniq" ON "tours_tour_tour_photo_gallery" ("tour_id", "photo_id");
CREATE INDEX "tours_tour_tour_photo_gallery_tour_id_e49c01a4" ON "tours_tour_tour_photo_gallery" ("tour_id");
CREATE INDEX "tours_tour_tour_photo_gallery_photo_id_4290c439" ON "tours_tour_tour_photo_gallery" ("photo_id");
CREATE UNIQUE INDEX "tours_tour_lunch_tour_id_lunch_id_666f9e24_uniq" ON "tours_tour_lunch" ("tour_id", "lunch_id");
CREATE INDEX "tours_tour_lunch_tour_id_ba2ee72a" ON "tours_tour_lunch" ("tour_id");
CREATE INDEX "tours_tour_lunch_lunch_id_09a28244" ON "tours_tour_lunch" ("lunch_id");
CREATE UNIQUE INDEX "tours_route_photo_route_id_photo_id_76c069a4_uniq" ON "tours_route_photo" ("route_id", "photo_id");
CREATE INDEX "tours_route_photo_route_id_f9d2ae2f" ON "tours_route_photo" ("route_id");
CREATE INDEX "tours_route_photo_photo_id_3dc27832" ON "tours_route_photo" ("photo_id");
CREATE UNIQUE INDEX "tours_tour_route_tour_id_route_id_3313bfb7_uniq" ON "tours_tour_route" ("tour_id", "route_id");
CREATE INDEX "tours_tour_route_tour_id_8336d9d3" ON "tours_tour_route" ("tour_id");
CREATE INDEX "tours_tour_route_route_id_23085a85" ON "tours_tour_route" ("route_id");
CREATE INDEX "tours_ship_cabin_types_id_a5207286" ON "tours_ship" ("cabin_types_id");
CREATE INDEX "tours_tour_start_date_id_395ef117" ON "tours_tour" ("start_date_id");
CREATE INDEX "tours_tour_author_id_66b04222" ON "tours_tour" ("author_id");
CREATE INDEX "tours_tour_ship_id_79278366" ON "tours_tour" ("ship_id");
CREATE INDEX "tours_order_tour_id_424f2bd5" ON "tours_order" ("tour_id");
CREATE INDEX "tours_order_author_id_3910e869" ON "tours_order" ("author_id");
CREATE INDEX "bike_rental_bikemodel_brand_id_350b65ac" ON "bike_rental_bikemodel" ("brand_id");
CREATE INDEX "bike_rental_order_bike_id_586d1779" ON "bike_rental_order" ("bike_id");
CREATE INDEX "bike_rental_order_client_id_dcb9cbd2" ON "bike_rental_order" ("client_id");
CREATE INDEX "bike_rental_bike_bike_model_id_cc0b8b97" ON "bike_rental_bike" ("bike_model_id");
COMMIT;
